orchards,vineyards,buildings,forest,undefined,public services,streets,magnitude
1.0,1.0,0.1794871794871795,0.38461538461538464,0.5384615384615384,1.0,0.20512820512820512,1
0.0,0.0,0.41025641025641024,0.48717948717948717,0.05128205128205128,0.0,0.7948717948717948,2
0.0,0.0,0.3333333333333333,0.1282051282051282,0.41025641025641024,0.0,0.0,3
0.0,0.0,0.07692307692307693,0.0,0.0,0.0,0.0,4
0.0,0.0,0.0,0.0,0.0,0.0,0.0,5
